SoccerDB Name,SoccerNet Name
73ed8378dc1811e897b86c96cfde8f_1.mkv,spain_laliga/2015-2016/2015-08-29 - 23-30 Real Madrid 5 - 0 Betis/1.mkv
73ed8378dc1811e897b86c96cfde8f_2.mkv,spain_laliga/2015-2016/2015-08-29 - 23-30 Real Madrid 5 - 0 Betis/2.mkv
74d7e9eadc1811e897b86c96cfde8f_1.mkv,germany_bundesliga/2015-2016/2015-09-12 - 16-30 Bayern Munich 2 - 1 FC Augsburg/1.mkv
74d7e9eadc1811e897b86c96cfde8f_2.mkv,germany_bundesliga/2015-2016/2015-09-12 - 16-30 Bayern Munich 2 - 1 FC Augsburg/2.mkv
75163b1edc1811e897b86c96cfde8f_2.mkv,england_epl/2015-2016/2015-09-12 - 17-00 Crystal Palace 0 - 1 Manchester City/2.mkv
754c6248dc1811e897b86c96cfde8f_2.mkv,spain_laliga/2015-2016/2015-09-12 - 17-00 Espanyol 0 - 6 Real Madrid/2.mkv
76175ffcdc1811e897b86c96cfde8f_1.mkv,europe_uefa-champions-league/2015-2016/2015-09-15 - 21-45 Manchester City 1 - 2 Juventus/1.mkv
76175ffcdc1811e897b86c96cfde8f_2.mkv,europe_uefa-champions-league/2015-2016/2015-09-15 - 21-45 Manchester City 1 - 2 Juventus/2.mkv
801d56c8dc1811e897b86c96cfde8f_1.mkv,england_epl/2015-2016/2015-10-03 - 19-30 Chelsea 1 - 3 Southampton/1.mkv
801d56c8dc1811e897b86c96cfde8f_2.mkv,england_epl/2015-2016/2015-10-03 - 19-30 Chelsea 1 - 3 Southampton/2.mkv
81670ecadc1811e897b86c96cfde8f_1.mkv,germany_bundesliga/2015-2016/2015-10-24 - 16-30 Bayern Munich 4 - 0 FC Koln/1.mkv
81670ecadc1811e897b86c96cfde8f_2.mkv,germany_bundesliga/2015-2016/2015-10-24 - 16-30 Bayern Munich 4 - 0 FC Koln/2.mkv
81b89696dc1811e897b86c96cfde8f_1.mkv,spain_laliga/2015-2016/2015-10-24 - 17-00 Celta Vigo 1 - 3 Real Madrid/1.mkv
81b89696dc1811e897b86c96cfde8f_2.mkv,spain_laliga/2015-2016/2015-10-24 - 17-00 Celta Vigo 1 - 3 Real Madrid/2.mkv
84d91850dc1811e897b86c96cfde8f_1.mkv,europe_uefa-champions-league/2015-2016/2015-11-04 - 22-45 Barcelona 3 - 0 BATE/1.mkv
8531b442dc1811e897b86c96cfde8f_2.mkv,europe_uefa-champions-league/2015-2016/2015-11-04 - 22-45 Bayern Munich 5 - 1 Arsenal/2.mkv
856e5a78dc1811e897b86c96cfde8f_1.mkv,europe_uefa-champions-league/2015-2016/2015-11-04 - 22-45 Gent 1 - 0 Valencia/1.mkv
856e5a78dc1811e897b86c96cfde8f_2.mkv,europe_uefa-champions-league/2015-2016/2015-11-04 - 22-45 Gent 1 - 0 Valencia/2.mkv
87304ce0dc1811e897b86c96cfde8f_1.mkv,italy_serie-a/2015-2016/2015-11-07 - 22-45 AC Milan 0 - 0 Atalanta/1.mkv
87304ce0dc1811e897b86c96cfde8f_2.mkv,italy_serie-a/2015-2016/2015-11-07 - 22-45 AC Milan 0 - 0 Atalanta/2.mkv
87691fe8dc1811e897b86c96cfde8f_1.mkv,germany_bundesliga/2015-2016/2015-11-08 - 17-30 Dortmund 3 - 2 Schalke/1.mkv
87691fe8dc1811e897b86c96cfde8f_2.mkv,germany_bundesliga/2015-2016/2015-11-08 - 17-30 Dortmund 3 - 2 Schalke/2.mkv
87c621d4dc1811e897b86c96cfde8f_1.mkv,spain_laliga/2015-2016/2015-11-08 - 18-00 Barcelona 3 - 0 Villarreal/1.mkv
87c621d4dc1811e897b86c96cfde8f_2.mkv,spain_laliga/2015-2016/2015-11-08 - 18-00 Barcelona 3 - 0 Villarreal/2.mkv
880223a0dc1811e897b86c96cfde8f_1.mkv,england_epl/2015-2016/2015-11-08 - 19-00 Arsenal 1 - 1 Tottenham/1.mkv
880223a0dc1811e897b86c96cfde8f_2.mkv,england_epl/2015-2016/2015-11-08 - 19-00 Arsenal 1 - 1 Tottenham/2.mkv
88424098dc1811e897b86c96cfde8f_1.mkv,spain_laliga/2015-2016/2015-11-21 - 20-15 Real Madrid 0 - 4 Barcelona/1.mkv
88424098dc1811e897b86c96cfde8f_2.mkv,spain_laliga/2015-2016/2015-11-21 - 20-15 Real Madrid 0 - 4 Barcelona/2.mkv
888f200cdc1811e897b86c96cfde8f_1.mkv,england_epl/2015-2016/2015-11-21 - 20-30 Manchester City 1 - 4 Liverpool/1.mkv
888f200cdc1811e897b86c96cfde8f_2.mkv,england_epl/2015-2016/2015-11-21 - 20-30 Manchester City 1 - 4 Liverpool/2.mkv
89175cf6dc1811e897b86c96cfde8f_1.mkv,italy_serie-a/2015-2016/2015-11-22 - 22-45 Inter 4 - 0 Frosinone/1.mkv
89175cf6dc1811e897b86c96cfde8f_2.mkv,italy_serie-a/2015-2016/2015-11-22 - 22-45 Inter 4 - 0 Frosinone/2.mkv
89554192dc1811e897b86c96cfde8f_1.mkv,europe_uefa-champions-league/2015-2016/2015-11-24 - 20-00 BATE 1 - 1 Bayer Leverkusen/1.mkv
89554192dc1811e897b86c96cfde8f_2.mkv,europe_uefa-champions-league/2015-2016/2015-11-24 - 20-00 BATE 1 - 1 Bayer Leverkusen/2.mkv
899e576adc1811e897b86c96cfde8f_1.mkv,europe_uefa-champions-league/2015-2016/2015-11-24 - 20-00 Zenit Petersburg 2 - 0 Valencia/1.mkv
899e576adc1811e897b86c96cfde8f_2.mkv,europe_uefa-champions-league/2015-2016/2015-11-24 - 20-00 Zenit Petersburg 2 - 0 Valencia/2.mkv
89dd050adc1811e897b86c96cfde8f_1.mkv,europe_uefa-champions-league/2015-2016/2015-11-24 - 22-45 Barcelona 6 - 1 AS Roma/1.mkv
89dd050adc1811e897b86c96cfde8f_2.mkv,europe_uefa-champions-league/2015-2016/2015-11-24 - 22-45 Barcelona 6 - 1 AS Roma/2.mkv
8a15e1ccdc1811e897b86c96cfde8f_1.mkv,europe_uefa-champions-league/2015-2016/2015-11-24 - 22-45 Bayern Munich 4 - 0 Olympiakos Piraeus/1.mkv
8a15e1ccdc1811e897b86c96cfde8f_2.mkv,europe_uefa-champions-league/2015-2016/2015-11-24 - 22-45 Bayern Munich 4 - 0 Olympiakos Piraeus/2.mkv
8a5768d6dc1811e897b86c96cfde8f_1.mkv,europe_uefa-champions-league/2015-2016/2015-11-24 - 22-45 FC Porto 0 - 2 Dyn. Kiev/1.mkv
8a5768d6dc1811e897b86c96cfde8f_2.mkv,europe_uefa-champions-league/2015-2016/2015-11-24 - 22-45 FC Porto 0 - 2 Dyn. Kiev/2.mkv
8a98df32dc1811e897b86c96cfde8f_1.mkv,europe_uefa-champions-league/2015-2016/2015-11-24 - 22-45 Maccabi Tel Aviv 0 - 4 Chelsea/1.mkv
8a98df32dc1811e897b86c96cfde8f_2.mkv,europe_uefa-champions-league/2015-2016/2015-11-24 - 22-45 Maccabi Tel Aviv 0 - 4 Chelsea/2.mkv
8ad88ac4dc1811e897b86c96cfde8f_1.mkv,europe_uefa-champions-league/2015-2016/2015-11-25 - 20-00 CSKA Moscow 0 - 2 Wolfsburg/1.mkv
8ad88ac4dc1811e897b86c96cfde8f_2.mkv,europe_uefa-champions-league/2015-2016/2015-11-25 - 20-00 CSKA Moscow 0 - 2 Wolfsburg/2.mkv
8b12c0eadc1811e897b86c96cfde8f_1.mkv,europe_uefa-champions-league/2015-2016/2015-11-25 - 22-45 Atl. Madrid 2 - 0 Galatasaray/1.mkv
8b12c0eadc1811e897b86c96cfde8f_2.mkv,europe_uefa-champions-league/2015-2016/2015-11-25 - 22-45 Atl. Madrid 2 - 0 Galatasaray/2.mkv
8b5b79b6dc1811e897b86c96cfde8f_1.mkv,europe_uefa-champions-league/2015-2016/2015-11-25 - 22-45 B. Monchengladbach 4 - 2 Sevilla/1.mkv
8b5b79b6dc1811e897b86c96cfde8f_2.mkv,europe_uefa-champions-league/2015-2016/2015-11-25 - 22-45 B. Monchengladbach 4 - 2 Sevilla/2.mkv
8bb5be3adc1811e897b86c96cfde8f_1.mkv,europe_uefa-champions-league/2015-2016/2015-11-25 - 22-45 Juventus 1 - 0 Manchester City/1.mkv
8bb5be3adc1811e897b86c96cfde8f_2.mkv,europe_uefa-champions-league/2015-2016/2015-11-25 - 22-45 Juventus 1 - 0 Manchester City/2.mkv
8bf11b88dc1811e897b86c96cfde8f_1.mkv,europe_uefa-champions-league/2015-2016/2015-11-25 - 22-45 Malmo FF 0 - 5 Paris SG/1.mkv
8bf11b88dc1811e897b86c96cfde8f_2.mkv,europe_uefa-champions-league/2015-2016/2015-11-25 - 22-45 Malmo FF 0 - 5 Paris SG/2.mkv
8c293dd8dc1811e897b86c96cfde8f_1.mkv,europe_uefa-champions-league/2015-2016/2015-11-25 - 22-45 Shakhtar Donetsk 3 - 4 Real Madrid/1.mkv
8c293dd8dc1811e897b86c96cfde8f_2.mkv,europe_uefa-champions-league/2015-2016/2015-11-25 - 22-45 Shakhtar Donetsk 3 - 4 Real Madrid/2.mkv
8c65ce60dc1811e897b86c96cfde8f_1.mkv,england_epl/2015-2016/2015-11-29 - 15-00 Tottenham 0 - 0 Chelsea/1.mkv
8c65ce60dc1811e897b86c96cfde8f_2.mkv,england_epl/2015-2016/2015-11-29 - 15-00 Tottenham 0 - 0 Chelsea/2.mkv
8c9d73f6dc1811e897b86c96cfde8f_1.mkv,spain_laliga/2015-2016/2015-11-29 - 18-00 Eibar 0 - 2 Real Madrid/1.mkv
8c9d73f6dc1811e897b86c96cfde8f_2.mkv,spain_laliga/2015-2016/2015-11-29 - 18-00 Eibar 0 - 2 Real Madrid/2.mkv
8ce30498dc1811e897b86c96cfde8f_1.mkv,spain_laliga/2015-2016/2015-12-05 - 18-00 Real Madrid 4 - 1 Getafe/1.mkv
8ce30498dc1811e897b86c96cfde8f_2.mkv,spain_laliga/2015-2016/2015-12-05 - 18-00 Real Madrid 4 - 1 Getafe/2.mkv
8d1d5adadc1811e897b86c96cfde8f_1.mkv,england_epl/2015-2016/2015-12-05 - 20-30 Chelsea 0 - 1 Bournemouth/1.mkv
8d1d5adadc1811e897b86c96cfde8f_2.mkv,england_epl/2015-2016/2015-12-05 - 20-30 Chelsea 0 - 1 Bournemouth/2.mkv
8d6ca694dc1811e897b86c96cfde8f_1.mkv,europe_uefa-champions-league/2015-2016/2015-12-09 - 22-45 D. Zagreb 0 - 2 Bayern Munich/1.mkv
8d6ca694dc1811e897b86c96cfde8f_2.mkv,europe_uefa-champions-league/2015-2016/2015-12-09 - 22-45 D. Zagreb 0 - 2 Bayern Munich/2.mkv
8daddf42dc1811e897b86c96cfde8f_1.mkv,germany_bundesliga/2015-2016/2015-12-12 - 17-30 Bayern Munich 2 - 0 Ingolstadt/1.mkv
8daddf42dc1811e897b86c96cfde8f_2.mkv,germany_bundesliga/2015-2016/2015-12-12 - 17-30 Bayern Munich 2 - 0 Ingolstadt/2.mkv
8de7934adc1811e897b86c96cfde8f_1.mkv,spain_laliga/2015-2016/2015-12-13 - 22-30 Villarreal 1 - 0 Real Madrid/1.mkv
8de7934adc1811e897b86c96cfde8f_2.mkv,spain_laliga/2015-2016/2015-12-13 - 22-30 Villarreal 1 - 0 Real Madrid/2.mkv
8e2d93ccdc1811e897b86c96cfde8f_1.mkv,england_epl/2015-2016/2015-12-19 - 18-00 Chelsea 3 - 1 Sunderland/1.mkv
8e2d93ccdc1811e897b86c96cfde8f_2.mkv,england_epl/2015-2016/2015-12-19 - 18-00 Chelsea 3 - 1 Sunderland/2.mkv
8e63cd34dc1811e897b86c96cfde8f_1.mkv,spain_laliga/2015-2016/2015-12-20 - 18-00 Real Madrid 1 - 0 Rayo Vallecano/1.mkv
8e63cd34dc1811e897b86c96cfde8f_2.mkv,spain_laliga/2015-2016/2015-12-20 - 18-00 Real Madrid 1 - 0 Rayo Vallecano/2.mkv
8ea5d576dc1811e897b86c96cfde8f_1.mkv,england_epl/2015-2016/2015-12-26 - 18-00 Chelsea 2 - 2 Watford/1.mkv
8ea5d576dc1811e897b86c96cfde8f_2.mkv,england_epl/2015-2016/2015-12-26 - 18-00 Chelsea 2 - 2 Watford/2.mkv
8f5954cadc1811e897b86c96cfde8f_1.mkv,spain_laliga/2015-2016/2015-12-30 - 18-00 Real Madrid 3 - 1 Real Sociedad/1.mkv
8f5954cadc1811e897b86c96cfde8f_2.mkv,spain_laliga/2015-2016/2015-12-30 - 18-00 Real Madrid 3 - 1 Real Sociedad/2.mkv
8f9c22b4dc1811e897b86c96cfde8f_1.mkv,england_epl/2015-2016/2016-01-03 - 16-30 Crystal Palace 0 - 3 Chelsea/1.mkv
8f9c22b4dc1811e897b86c96cfde8f_2.mkv,england_epl/2015-2016/2016-01-03 - 16-30 Crystal Palace 0 - 3 Chelsea/2.mkv
8fdf1952dc1811e897b86c96cfde8f_1.mkv,spain_laliga/2015-2016/2016-01-03 - 22-30 Valencia 2 - 2 Real Madrid/1.mkv
8fdf1952dc1811e897b86c96cfde8f_2.mkv,spain_laliga/2015-2016/2016-01-03 - 22-30 Valencia 2 - 2 Real Madrid/2.mkv
9028c3e0dc1811e897b86c96cfde8f_1.mkv,spain_laliga/2015-2016/2016-01-09 - 22-30 Real Madrid 5 - 0 Dep. La Coruna/1.mkv
9028c3e0dc1811e897b86c96cfde8f_2.mkv,spain_laliga/2015-2016/2016-01-09 - 22-30 Real Madrid 5 - 0 Dep. La Coruna/2.mkv
906e15bcdc1811e897b86c96cfde8f_1.mkv,england_epl/2015-2016/2016-01-13 - 22-45 Chelsea 2 - 2 West Brom/1.mkv
906e15bcdc1811e897b86c96cfde8f_2.mkv,england_epl/2015-2016/2016-01-13 - 22-45 Chelsea 2 - 2 West Brom/2.mkv
90b0be26dc1811e897b86c96cfde8f_1.mkv,england_epl/2015-2016/2016-01-23 - 20-30 West Ham 2 - 2 Manchester City/1.mkv
90b0be26dc1811e897b86c96cfde8f_2.mkv,england_epl/2015-2016/2016-01-23 - 20-30 West Ham 2 - 2 Manchester City/2.mkv
90eafb4adc1811e897b86c96cfde8f_1.mkv,england_epl/2015-2016/2016-01-24 - 19-00 Arsenal 0 - 1 Chelsea/1.mkv
90eafb4adc1811e897b86c96cfde8f_2.mkv,england_epl/2015-2016/2016-01-24 - 19-00 Arsenal 0 - 1 Chelsea/2.mkv
91425750dc1811e897b86c96cfde8f_1.mkv,spain_laliga/2015-2016/2016-01-24 - 22-30 Betis 1 - 1 Real Madrid/1.mkv
91425750dc1811e897b86c96cfde8f_2.mkv,spain_laliga/2015-2016/2016-01-24 - 22-30 Betis 1 - 1 Real Madrid/2.mkv
918ab14edc1811e897b86c96cfde8f_1.mkv,germany_bundesliga/2015-2016/2016-01-31 - 19-30 Bayern Munich 2 - 0 Hoffenheim/1.mkv
918ab14edc1811e897b86c96cfde8f_2.mkv,germany_bundesliga/2015-2016/2016-01-31 - 19-30 Bayern Munich 2 - 0 Hoffenheim/2.mkv
91c97d8edc1811e897b86c96cfde8f_1.mkv,spain_laliga/2015-2016/2016-01-31 - 22-30 Real Madrid 6 - 0 Espanyol/1.mkv
91c97d8edc1811e897b86c96cfde8f_2.mkv,spain_laliga/2015-2016/2016-01-31 - 22-30 Real Madrid 6 - 0 Espanyol/2.mkv
920e676edc1811e897b86c96cfde8f_1.mkv,england_epl/2015-2016/2016-02-03 - 22-45 Watford 0 - 0 Chelsea/1.mkv
920e676edc1811e897b86c96cfde8f_2.mkv,england_epl/2015-2016/2016-02-03 - 22-45 Watford 0 - 0 Chelsea/2.mkv
9249fda6dc1811e897b86c96cfde8f_1.mkv,england_epl/2015-2016/2016-02-07 - 19-00 Chelsea 1 - 1 Manchester United/1.mkv
9249fda6dc1811e897b86c96cfde8f_2.mkv,england_epl/2015-2016/2016-02-07 - 19-00 Chelsea 1 - 1 Manchester United/2.mkv
927efdc6dc1811e897b86c96cfde8f_1.mkv,spain_laliga/2015-2016/2016-02-07 - 22-30 Granada CF 1 - 2 Real Madrid/1.mkv
927efdc6dc1811e897b86c96cfde8f_2.mkv,spain_laliga/2015-2016/2016-02-07 - 22-30 Granada CF 1 - 2 Real Madrid/2.mkv
92bf621cdc1811e897b86c96cfde8f_1.mkv,spain_laliga/2015-2016/2016-02-13 - 18-00 Real Madrid 4 - 2 Ath Bilbao/1.mkv
92bf621cdc1811e897b86c96cfde8f_2.mkv,spain_laliga/2015-2016/2016-02-13 - 18-00 Real Madrid 4 - 2 Ath Bilbao/2.mkv
92f9607adc1811e897b86c96cfde8f_1.mkv,england_epl/2015-2016/2016-02-13 - 20-30 Chelsea 5 - 1 Newcastle Utd/1.mkv
92f9607adc1811e897b86c96cfde8f_2.mkv,england_epl/2015-2016/2016-02-13 - 20-30 Chelsea 5 - 1 Newcastle Utd/2.mkv
934a8bc6dc1811e897b86c96cfde8f_1.mkv,england_epl/2015-2016/2016-02-14 - 19-15 Manchester City 1 - 2 Tottenham/1.mkv
934a8bc6dc1811e897b86c96cfde8f_2.mkv,england_epl/2015-2016/2016-02-14 - 19-15 Manchester City 1 - 2 Tottenham/2.mkv
939cb4dcdc1811e897b86c96cfde8f_1.mkv,spain_laliga/2015-2016/2016-02-21 - 18-00 Malaga 1 - 1 Real Madrid/1.mkv
939cb4dcdc1811e897b86c96cfde8f_2.mkv,spain_laliga/2015-2016/2016-02-21 - 18-00 Malaga 1 - 1 Real Madrid/2.mkv
93d8825adc1811e897b86c96cfde8f_1.mkv,spain_laliga/2015-2016/2016-02-27 - 18-00 Real Madrid 0 - 1 Atl. Madrid/1.mkv
93d8825adc1811e897b86c96cfde8f_2.mkv,spain_laliga/2015-2016/2016-02-27 - 18-00 Real Madrid 0 - 1 Atl. Madrid/2.mkv
94123b94dc1811e897b86c96cfde8f_1.mkv,england_epl/2015-2016/2016-02-27 - 18-00 Southampton 1 - 2 Chelsea/1.mkv
94123b94dc1811e897b86c96cfde8f_2.mkv,england_epl/2015-2016/2016-02-27 - 18-00 Southampton 1 - 2 Chelsea/2.mkv
94647cb0dc1811e897b86c96cfde8f_1.mkv,england_epl/2015-2016/2016-03-01 - 22-45 Norwich 1 - 2 Chelsea/1.mkv
94647cb0dc1811e897b86c96cfde8f_2.mkv,england_epl/2015-2016/2016-03-01 - 22-45 Norwich 1 - 2 Chelsea/2.mkv
94996074dc1811e897b86c96cfde8f_1.mkv,spain_laliga/2015-2016/2016-03-02 - 23-00 Levante 1 - 3 Real Madrid/1.mkv
94996074dc1811e897b86c96cfde8f_2.mkv,spain_laliga/2015-2016/2016-03-02 - 23-00 Levante 1 - 3 Real Madrid/2.mkv
94d577c6dc1811e897b86c96cfde8f_1.mkv,england_epl/2015-2016/2016-03-02 - 23-00 Liverpool 3 - 0 Manchester City/1.mkv
94d577c6dc1811e897b86c96cfde8f_2.mkv,england_epl/2015-2016/2016-03-02 - 23-00 Liverpool 3 - 0 Manchester City/2.mkv
95212ce8dc1811e897b86c96cfde8f_1.mkv,england_epl/2015-2016/2016-03-05 - 18-00 Chelsea 1 - 1 Stoke City/1.mkv
95212ce8dc1811e897b86c96cfde8f_2.mkv,england_epl/2015-2016/2016-03-05 - 18-00 Chelsea 1 - 1 Stoke City/2.mkv
956179c4dc1811e897b86c96cfde8f_1.mkv,england_epl/2015-2016/2016-03-05 - 18-00 Manchester City 4 - 0 Aston Villa/1.mkv
956179c4dc1811e897b86c96cfde8f_2.mkv,england_epl/2015-2016/2016-03-05 - 18-00 Manchester City 4 - 0 Aston Villa/2.mkv
95aaee38dc1811e897b86c96cfde8f_1.mkv,spain_laliga/2015-2016/2016-03-05 - 18-00 Real Madrid 7 - 1 Celta Vigo/1.mkv
95aaee38dc1811e897b86c96cfde8f_2.mkv,spain_laliga/2015-2016/2016-03-05 - 18-00 Real Madrid 7 - 1 Celta Vigo/2.mkv
95ebe3d4dc1811e897b86c96cfde8f_1.mkv,spain_laliga/2015-2016/2016-03-13 - 22-30 Las Palmas 1 - 2 Real Madrid/1.mkv
95ebe3d4dc1811e897b86c96cfde8f_2.mkv,spain_laliga/2015-2016/2016-03-13 - 22-30 Las Palmas 1 - 2 Real Madrid/2.mkv
961ee446dc1811e897b86c96cfde8f_1.mkv,england_epl/2015-2016/2016-03-19 - 18-00 Chelsea 2 - 2 West Ham/1.mkv
961ee446dc1811e897b86c96cfde8f_2.mkv,england_epl/2015-2016/2016-03-19 - 18-00 Chelsea 2 - 2 West Ham/2.mkv
96780c74dc1811e897b86c96cfde8f_1.mkv,spain_laliga/2015-2016/2016-03-20 - 22-30 Real Madrid 4 - 0 Sevilla/1.mkv
96780c74dc1811e897b86c96cfde8f_2.mkv,spain_laliga/2015-2016/2016-03-20 - 22-30 Real Madrid 4 - 0 Sevilla/2.mkv
96b4470cdc1811e897b86c96cfde8f_1.mkv,germany_bundesliga/2015-2016/2016-04-02 - 16-30 Bayern Munich 1 - 0 Eintracht Frankfurt/1.mkv
96b4470cdc1811e897b86c96cfde8f_2.mkv,germany_bundesliga/2015-2016/2016-04-02 - 16-30 Bayern Munich 1 - 0 Eintracht Frankfurt/2.mkv
96f13176dc1811e897b86c96cfde8f_1.mkv,spain_laliga/2015-2016/2016-04-02 - 21-30 Barcelona 1 - 2 Real Madrid/1.mkv
96f13176dc1811e897b86c96cfde8f_2.mkv,spain_laliga/2015-2016/2016-04-02 - 21-30 Barcelona 1 - 2 Real Madrid/2.mkv
972b5220dc1811e897b86c96cfde8f_1.mkv,europe_uefa-champions-league/2015-2016/2016-04-05 - 21-45 Bayern Munich 1 - 0 Benfica/1.mkv
972b5220dc1811e897b86c96cfde8f_2.mkv,europe_uefa-champions-league/2015-2016/2016-04-05 - 21-45 Bayern Munich 1 - 0 Benfica/2.mkv
97769c4edc1811e897b86c96cfde8f_1.mkv,germany_bundesliga/2015-2016/2016-04-09 - 16-30 VfB Stuttgart 1 - 3 Bayern Munich/1.mkv
97769c4edc1811e897b86c96cfde8f_2.mkv,germany_bundesliga/2015-2016/2016-04-09 - 16-30 VfB Stuttgart 1 - 3 Bayern Munich/2.mkv
97c108d8dc1811e897b86c96cfde8f_1.mkv,spain_laliga/2015-2016/2016-04-09 - 17-00 Real Madrid 4 - 0 Eibar/1.mkv
97c108d8dc1811e897b86c96cfde8f_2.mkv,spain_laliga/2015-2016/2016-04-09 - 17-00 Real Madrid 4 - 0 Eibar/2.mkv
9800813edc1811e897b86c96cfde8f_1.mkv,england_epl/2015-2016/2016-04-09 - 17-00 Swansea 1 - 0 Chelsea/1.mkv
9800813edc1811e897b86c96cfde8f_2.mkv,england_epl/2015-2016/2016-04-09 - 17-00 Swansea 1 - 0 Chelsea/2.mkv
984d7110dc1811e897b86c96cfde8f_1.mkv,england_epl/2015-2016/2016-04-09 - 19-30 Manchester City 2 - 1 West Brom/1.mkv
984d7110dc1811e897b86c96cfde8f_2.mkv,england_epl/2015-2016/2016-04-09 - 19-30 Manchester City 2 - 1 West Brom/2.mkv
9887f0b0dc1811e897b86c96cfde8f_1.mkv,spain_laliga/2015-2016/2016-04-16 - 17-00 Getafe 1 - 5 Real Madrid/1.mkv
9887f0b0dc1811e897b86c96cfde8f_2.mkv,spain_laliga/2015-2016/2016-04-16 - 17-00 Getafe 1 - 5 Real Madrid/2.mkv
9909f7d6dc1811e897b86c96cfde8f_1.mkv,spain_laliga/2015-2016/2016-04-20 - 23-00 Real Madrid 3 - 0 Villarreal/1.mkv
9909f7d6dc1811e897b86c96cfde8f_2.mkv,spain_laliga/2015-2016/2016-04-20 - 23-00 Real Madrid 3 - 0 Villarreal/2.mkv
99481e94dc1811e897b86c96cfde8f_1.mkv,germany_bundesliga/2015-2016/2016-04-23 - 16-30 Hertha Berlin 0 - 2 Bayern Munich/1.mkv
99481e94dc1811e897b86c96cfde8f_2.mkv,germany_bundesliga/2015-2016/2016-04-23 - 16-30 Hertha Berlin 0 - 2 Bayern Munich/2.mkv
997bee5edc1811e897b86c96cfde8f_1.mkv,england_epl/2015-2016/2016-04-23 - 17-00 Bournemouth 1 - 4 Chelsea/1.mkv
997bee5edc1811e897b86c96cfde8f_2.mkv,england_epl/2015-2016/2016-04-23 - 17-00 Bournemouth 1 - 4 Chelsea/2.mkv
99c10656dc1811e897b86c96cfde8f_1.mkv,spain_laliga/2015-2016/2016-04-30 - 17-00 Real Sociedad 0 - 1 Real Madrid/1.mkv
99c10656dc1811e897b86c96cfde8f_2.mkv,spain_laliga/2015-2016/2016-04-30 - 17-00 Real Sociedad 0 - 1 Real Madrid/2.mkv
99fa8106dc1811e897b86c96cfde8f_1.mkv,england_epl/2015-2016/2016-05-07 - 17-00 Sunderland 3 - 2 Chelsea/1.mkv
99fa8106dc1811e897b86c96cfde8f_2.mkv,england_epl/2015-2016/2016-05-07 - 17-00 Sunderland 3 - 2 Chelsea/2.mkv
9a3af088dc1811e897b86c96cfde8f_1.mkv,spain_laliga/2015-2016/2016-05-08 - 18-00 Real Madrid 3 - 2 Valencia/1.mkv
9a3af088dc1811e897b86c96cfde8f_2.mkv,spain_laliga/2015-2016/2016-05-08 - 18-00 Real Madrid 3 - 2 Valencia/2.mkv
9a6b7bccdc1811e897b86c96cfde8f_1.mkv,spain_laliga/2015-2016/2016-05-14 - 18-00 Dep. La Coruna 0 - 2 Real Madrid/1.mkv
9a6b7bccdc1811e897b86c96cfde8f_2.mkv,spain_laliga/2015-2016/2016-05-14 - 18-00 Dep. La Coruna 0 - 2 Real Madrid/2.mkv
9ab7d904dc1811e897b86c96cfde8f_1.mkv,france_ligue-1/2016-2017/2016-08-12 - 21-00 Bastia 0 - 1 Paris SG/1.mkv
9ab7d904dc1811e897b86c96cfde8f_2.mkv,france_ligue-1/2016-2017/2016-08-12 - 21-00 Bastia 0 - 1 Paris SG/2.mkv
9aeefe16dc1811e897b86c96cfde8f_1.mkv,england_epl/2016-2017/2016-08-14 - 18-00 Arsenal 3 - 4 Liverpool/1.mkv
9aeefe16dc1811e897b86c96cfde8f_2.mkv,england_epl/2016-2017/2016-08-14 - 18-00 Arsenal 3 - 4 Liverpool/2.mkv
9b28d136dc1811e897b86c96cfde8f_1.mkv,england_epl/2016-2017/2016-08-20 - 17-00 Burnley 2 - 0 Liverpool/1.mkv
9b28d136dc1811e897b86c96cfde8f_2.mkv,england_epl/2016-2017/2016-08-20 - 17-00 Burnley 2 - 0 Liverpool/2.mkv
9b615e5cdc1811e897b86c96cfde8f_1.mkv,italy_serie-a/2016-2017/2016-08-20 - 19-00 AS Roma 4 - 0 Udinese/1.mkv
9b615e5cdc1811e897b86c96cfde8f_2.mkv,italy_serie-a/2016-2017/2016-08-20 - 19-00 AS Roma 4 - 0 Udinese/2.mkv
9ba464eadc1811e897b86c96cfde8f_1.mkv,spain_laliga/2016-2017/2016-08-20 - 19-15 Barcelona 6 - 2 Betis/1.mkv
9ba464eadc1811e897b86c96cfde8f_2.mkv,spain_laliga/2016-2017/2016-08-20 - 19-15 Barcelona 6 - 2 Betis/2.mkv
9bfc6c44dc1811e897b86c96cfde8f_1.mkv,spain_laliga/2016-2017/2016-08-21 - 21-15 Real Sociedad 0 - 3 Real Madrid/1.mkv
9bfc6c44dc1811e897b86c96cfde8f_2.mkv,spain_laliga/2016-2017/2016-08-21 - 21-15 Real Sociedad 0 - 3 Real Madrid/2.mkv
9c5e1fa2dc1811e897b86c96cfde8f_1.mkv,france_ligue-1/2016-2017/2016-08-21 - 21-45 Paris SG 3 - 0 Metz/1.mkv
9c5e1fa2dc1811e897b86c96cfde8f_2.mkv,france_ligue-1/2016-2017/2016-08-21 - 21-45 Paris SG 3 - 0 Metz/2.mkv
9cb91722dc1811e897b86c96cfde8f_1.mkv,spain_laliga/2016-2017/2016-08-27 - 21-15 Real Madrid 2 - 1 Celta Vigo/1.mkv
9cb91722dc1811e897b86c96cfde8f_2.mkv,spain_laliga/2016-2017/2016-08-27 - 21-15 Real Madrid 2 - 1 Celta Vigo/2.mkv
9d59b95cdc1811e897b86c96cfde8f_1.mkv,italy_serie-a/2016-2017/2016-08-27 - 21-45 Napoli 4 - 2 AC Milan/1.mkv
9d59b95cdc1811e897b86c96cfde8f_2.mkv,italy_serie-a/2016-2017/2016-08-27 - 21-45 Napoli 4 - 2 AC Milan/2.mkv
9daac3cedc1811e897b86c96cfde8f_1.mkv,spain_laliga/2016-2017/2016-08-28 - 21-15 Ath Bilbao 0 - 1 Barcelona/1.mkv
9daac3cedc1811e897b86c96cfde8f_2.mkv,spain_laliga/2016-2017/2016-08-28 - 21-15 Ath Bilbao 0 - 1 Barcelona/2.mkv
9e11a030dc1811e897b86c96cfde8f_1.mkv,italy_serie-a/2016-2017/2016-08-28 - 21-45 Cagliari 2 - 2 AS Roma/1.mkv
9e11a030dc1811e897b86c96cfde8f_2.mkv,italy_serie-a/2016-2017/2016-08-28 - 21-45 Cagliari 2 - 2 AS Roma/2.mkv
9e933262dc1811e897b86c96cfde8f_1.mkv,france_ligue-1/2016-2017/2016-08-28 - 21-45 Monaco 3 - 1 Paris SG/1.mkv
9e933262dc1811e897b86c96cfde8f_2.mkv,france_ligue-1/2016-2017/2016-08-28 - 21-45 Monaco 3 - 1 Paris SG/2.mkv
9f15a7badc1811e897b86c96cfde8f_1.mkv,france_ligue-1/2016-2017/2016-09-09 - 21-45 Paris SG 1 - 1 St Etienne/1.mkv
9f15a7badc1811e897b86c96cfde8f_2.mkv,france_ligue-1/2016-2017/2016-09-09 - 21-45 Paris SG 1 - 1 St Etienne/2.mkv
9fa18e9cdc1811e897b86c96cfde8f_1.mkv,germany_bundesliga/2016-2017/2016-09-10 - 19-30 RB Leipzig 1 - 0 Dortmund/1.mkv
9fa18e9cdc1811e897b86c96cfde8f_2.mkv,germany_bundesliga/2016-2017/2016-09-10 - 19-30 RB Leipzig 1 - 0 Dortmund/2.mkv
9fe67e08dc1811e897b86c96cfde8f_1.mkv,spain_laliga/2016-2017/2016-09-10 - 21-30 Barcelona 1 - 2 Alaves/1.mkv
9fe67e08dc1811e897b86c96cfde8f_2.mkv,spain_laliga/2016-2017/2016-09-10 - 21-30 Barcelona 1 - 2 Alaves/2.mkv
a0728128dc1811e897b86c96cfde8f_1.mkv,italy_serie-a/2016-2017/2016-09-11 - 16-00 AC Milan 0 - 1 Udinese/1.mkv
a0728128dc1811e897b86c96cfde8f_2.mkv,italy_serie-a/2016-2017/2016-09-11 - 16-00 AC Milan 0 - 1 Udinese/2.mkv
a0aba0cadc1811e897b86c96cfde8f_1.mkv,europe_uefa-champions-league/2016-2017/2016-09-13 - 21-45 Barcelona 7 - 0 Celtic/1.mkv
a0aba0cadc1811e897b86c96cfde8f_2.mkv,europe_uefa-champions-league/2016-2017/2016-09-13 - 21-45 Barcelona 7 - 0 Celtic/2.mkv
a1265cdedc1811e897b86c96cfde8f_1.mkv,france_ligue-1/2016-2017/2016-09-16 - 21-45 Caen 0 - 6 Paris SG/1.mkv
a1265cdedc1811e897b86c96cfde8f_2.mkv,france_ligue-1/2016-2017/2016-09-16 - 21-45 Caen 0 - 6 Paris SG/2.mkv
a198281edc1811e897b86c96cfde8f_1.mkv,england_epl/2016-2017/2016-09-16 - 22-00 Chelsea 1 - 2 Liverpool/1.mkv
a198281edc1811e897b86c96cfde8f_2.mkv,england_epl/2016-2017/2016-09-16 - 22-00 Chelsea 1 - 2 Liverpool/2.mkv
a244ea9adc1811e897b86c96cfde8f_1.mkv,italy_serie-a/2016-2017/2016-09-17 - 21-45 Napoli 3 - 1 Bologna/1.mkv
a244ea9adc1811e897b86c96cfde8f_2.mkv,italy_serie-a/2016-2017/2016-09-17 - 21-45 Napoli 3 - 1 Bologna/2.mkv
a2804144dc1811e897b86c96cfde8f_1.mkv,spain_laliga/2016-2017/2016-09-18 - 21-45 Espanyol 0 - 2 Real Madrid/1.mkv
a2804144dc1811e897b86c96cfde8f_2.mkv,spain_laliga/2016-2017/2016-09-18 - 21-45 Espanyol 0 - 2 Real Madrid/2.mkv
a2c17498dc1811e897b86c96cfde8f_1.mkv,italy_serie-a/2016-2017/2016-09-18 - 21-45 Fiorentina 1 - 0 AS Roma/1.mkv
a2c17498dc1811e897b86c96cfde8f_2.mkv,italy_serie-a/2016-2017/2016-09-18 - 21-45 Fiorentina 1 - 0 AS Roma/2.mkv
a2f75d9cdc1811e897b86c96cfde8f_1.mkv,germany_bundesliga/2016-2017/2016-09-20 - 21-00 Wolfsburg 1 - 5 Dortmund/1.mkv
a2f75d9cdc1811e897b86c96cfde8f_2.mkv,germany_bundesliga/2016-2017/2016-09-20 - 21-00 Wolfsburg 1 - 5 Dortmund/2.mkv
a36be2b6dc1811e897b86c96cfde8f_1.mkv,france_ligue-1/2016-2017/2016-09-20 - 22-00 Paris SG 3 - 0 Dijon/1.mkv
a36be2b6dc1811e897b86c96cfde8f_2.mkv,france_ligue-1/2016-2017/2016-09-20 - 22-00 Paris SG 3 - 0 Dijon/2.mkv
a3a5ff0adc1811e897b86c96cfde8f_1.mkv,spain_laliga/2016-2017/2016-09-21 - 21-00 Real Madrid 1 - 1 Villarreal/1.mkv
a3a5ff0adc1811e897b86c96cfde8f_2.mkv,spain_laliga/2016-2017/2016-09-21 - 21-00 Real Madrid 1 - 1 Villarreal/2.mkv
a3ee8af4dc1811e897b86c96cfde8f_1.mkv,italy_serie-a/2016-2017/2016-09-21 - 21-45 AS Roma 4 - 0 Crotone/1.mkv
a3ee8af4dc1811e897b86c96cfde8f_2.mkv,italy_serie-a/2016-2017/2016-09-21 - 21-45 AS Roma 4 - 0 Crotone/2.mkv
a428d8dadc1811e897b86c96cfde8f_1.mkv,italy_serie-a/2016-2017/2016-09-21 - 21-45 Genoa 0 - 0 Napoli/1.mkv
a428d8dadc1811e897b86c96cfde8f_2.mkv,italy_serie-a/2016-2017/2016-09-21 - 21-45 Genoa 0 - 0 Napoli/2.mkv
a464f932dc1811e897b86c96cfde8f_1.mkv,spain_laliga/2016-2017/2016-09-21 - 23-00 Barcelona 1 - 1 Atl. Madrid/1.mkv
a464f932dc1811e897b86c96cfde8f_2.mkv,spain_laliga/2016-2017/2016-09-21 - 23-00 Barcelona 1 - 1 Atl. Madrid/2.mkv
a4d18e44dc1811e897b86c96cfde8f_1.mkv,france_ligue-1/2016-2017/2016-09-23 - 21-45 Toulouse 2 - 0 Paris SG/1.mkv
a4d18e44dc1811e897b86c96cfde8f_2.mkv,france_ligue-1/2016-2017/2016-09-23 - 21-45 Toulouse 2 - 0 Paris SG/2.mkv
a51ad2c0dc1811e897b86c96cfde8f_1.mkv,england_epl/2016-2017/2016-09-24 - 14-30 Manchester United 4 - 1 Leicester/1.mkv
a51ad2c0dc1811e897b86c96cfde8f_2.mkv,england_epl/2016-2017/2016-09-24 - 14-30 Manchester United 4 - 1 Leicester/2.mkv
a5793b9edc1811e897b86c96cfde8f_1.mkv,spain_laliga/2016-2017/2016-09-24 - 21-45 Las Palmas 2 - 2 Real Madrid/1.mkv
a5793b9edc1811e897b86c96cfde8f_2.mkv,spain_laliga/2016-2017/2016-09-24 - 21-45 Las Palmas 2 - 2 Real Madrid/2.mkv
a5f41cc4dc1811e897b86c96cfde8f_1.mkv,italy_serie-a/2016-2017/2016-09-25 - 13-30 Torino 3 - 1 AS Roma/1.mkv
a5f41cc4dc1811e897b86c96cfde8f_2.mkv,italy_serie-a/2016-2017/2016-09-25 - 13-30 Torino 3 - 1 AS Roma/2.mkv
a638624edc1811e897b86c96cfde8f_1.mkv,italy_serie-a/2016-2017/2016-09-25 - 21-45 Fiorentina 0 - 0 AC Milan/1.mkv
a638624edc1811e897b86c96cfde8f_2.mkv,italy_serie-a/2016-2017/2016-09-25 - 21-45 Fiorentina 0 - 0 AC Milan/2.mkv
a67b4668dc1811e897b86c96cfde8f_1.mkv,europe_uefa-champions-league/2016-2017/2016-09-28 - 21-45 Ludogorets 1 - 3 Paris SG/1.mkv
a67b4668dc1811e897b86c96cfde8f_2.mkv,europe_uefa-champions-league/2016-2017/2016-09-28 - 21-45 Ludogorets 1 - 3 Paris SG/2.mkv
a6bcb42cdc1811e897b86c96cfde8f_1.mkv,europe_uefa-champions-league/2016-2017/2016-09-28 - 21-45 Napoli 4 - 2 Benfica/1.mkv
a6bcb42cdc1811e897b86c96cfde8f_2.mkv,europe_uefa-champions-league/2016-2017/2016-09-28 - 21-45 Napoli 4 - 2 Benfica/2.mkv
a70e80d6dc1811e897b86c96cfde8f_1.mkv,england_epl/2016-2017/2016-10-01 - 14-30 Swansea 1 - 2 Liverpool/1.mkv
a70e80d6dc1811e897b86c96cfde8f_2.mkv,england_epl/2016-2017/2016-10-01 - 14-30 Swansea 1 - 2 Liverpool/2.mkv
a749526adc1811e897b86c96cfde8f_1.mkv,france_ligue-1/2016-2017/2016-10-01 - 18-00 Paris SG 2 - 0 Bordeaux/1.mkv
a749526adc1811e897b86c96cfde8f_2.mkv,france_ligue-1/2016-2017/2016-10-01 - 18-00 Paris SG 2 - 0 Bordeaux/2.mkv
a77f0450dc1811e897b86c96cfde8f_1.mkv,germany_bundesliga/2016-2017/2016-10-01 - 19-30 Bayer Leverkusen 2 - 0 Dortmund/1.mkv
a77f0450dc1811e897b86c96cfde8f_2.mkv,germany_bundesliga/2016-2017/2016-10-01 - 19-30 Bayer Leverkusen 2 - 0 Dortmund/2.mkv
a7affc36dc1811e897b86c96cfde8f_1.mkv,spain_laliga/2016-2017/2016-10-02 - 17-15 Real Madrid 1 - 1 Eibar/1.mkv
a7affc36dc1811e897b86c96cfde8f_2.mkv,spain_laliga/2016-2017/2016-10-02 - 17-15 Real Madrid 1 - 1 Eibar/2.mkv
a85aabc2dc1811e897b86c96cfde8f_1.mkv,italy_serie-a/2016-2017/2016-10-02 - 21-45 AS Roma 2 - 1 Inter/1.mkv
a85aabc2dc1811e897b86c96cfde8f_2.mkv,italy_serie-a/2016-2017/2016-10-02 - 21-45 AS Roma 2 - 1 Inter/2.mkv
a89aa3e4dc1811e897b86c96cfde8f_1.mkv,spain_laliga/2016-2017/2016-10-02 - 21-45 Celta Vigo 4 - 3 Barcelona/1.mkv
a89aa3e4dc1811e897b86c96cfde8f_2.mkv,spain_laliga/2016-2017/2016-10-02 - 21-45 Celta Vigo 4 - 3 Barcelona/2.mkv
a94e7f90dc1811e897b86c96cfde8f_1.mkv,england_epl/2016-2017/2016-10-15 - 14-30 Chelsea 3 - 0 Leicester/1.mkv
a94e7f90dc1811e897b86c96cfde8f_2.mkv,england_epl/2016-2017/2016-10-15 - 14-30 Chelsea 3 - 0 Leicester/2.mkv
a9872fa2dc1811e897b86c96cfde8f_1.mkv,italy_serie-a/2016-2017/2016-10-15 - 16-00 Napoli 1 - 3 AS Roma/1.mkv
a9872fa2dc1811e897b86c96cfde8f_2.mkv,italy_serie-a/2016-2017/2016-10-15 - 16-00 Napoli 1 - 3 AS Roma/2.mkv
aa0ac4b6dc1811e897b86c96cfde8f_1.mkv,france_ligue-1/2016-2017/2016-10-15 - 18-00 Nancy 1 - 2 Paris SG/1.mkv
aa0ac4b6dc1811e897b86c96cfde8f_2.mkv,france_ligue-1/2016-2017/2016-10-15 - 18-00 Nancy 1 - 2 Paris SG/2.mkv
aa4b40e0dc1811e897b86c96cfde8f_1.mkv,spain_laliga/2016-2017/2016-10-15 - 21-45 Betis 1 - 6 Real Madrid/1.mkv
aa4b40e0dc1811e897b86c96cfde8f_2.mkv,spain_laliga/2016-2017/2016-10-15 - 21-45 Betis 1 - 6 Real Madrid/2.mkv
aa8ac6acdc1811e897b86c96cfde8f_1.mkv,england_epl/2016-2017/2016-10-17 - 22-00 Liverpool 0 - 0 Manchester United/1.mkv
aa8ac6acdc1811e897b86c96cfde8f_2.mkv,england_epl/2016-2017/2016-10-17 - 22-00 Liverpool 0 - 0 Manchester United/2.mkv
ab30225adc1811e897b86c96cfde8f_1.mkv,europe_uefa-champions-league/2016-2017/2016-10-19 - 21-45 Paris SG 3 - 0 Basel/1.mkv
ab30225adc1811e897b86c96cfde8f_2.mkv,europe_uefa-champions-league/2016-2017/2016-10-19 - 21-45 Paris SG 3 - 0 Basel/2.mkv
adf21f5cdc1811e897b86c96cfde8f_1.mkv,france_ligue-1/2016-2017/2016-10-28 - 21-45 Lille 0 - 1 Paris SG/1.mkv
adf21f5cdc1811e897b86c96cfde8f_2.mkv,france_ligue-1/2016-2017/2016-10-28 - 21-45 Lille 0 - 1 Paris SG/2.mkv
ae6a1660dc1811e897b86c96cfde8f_1.mkv,england_epl/2016-2017/2016-10-29 - 17-00 Tottenham 1 - 1 Leicester/1.mkv
ae6a1660dc1811e897b86c96cfde8f_2.mkv,england_epl/2016-2017/2016-10-29 - 17-00 Tottenham 1 - 1 Leicester/2.mkv
aeaf32b8dc1811e897b86c96cfde8f_1.mkv,spain_laliga/2016-2017/2016-10-29 - 17-15 Alaves 1 - 4 Real Madrid/1.mkv
aeaf32b8dc1811e897b86c96cfde8f_2.mkv,spain_laliga/2016-2017/2016-10-29 - 17-15 Alaves 1 - 4 Real Madrid/2.mkv
af9f7868dc1811e897b86c96cfde8f_1.mkv,spain_laliga/2016-2017/2016-10-29 - 21-45 Barcelona 1 - 0 Granada CF/1.mkv
af9f7868dc1811e897b86c96cfde8f_2.mkv,spain_laliga/2016-2017/2016-10-29 - 21-45 Barcelona 1 - 0 Granada CF/2.mkv
afde7ed2dc1811e897b86c96cfde8f_1.mkv,italy_serie-a/2016-2017/2016-10-29 - 21-45 Juventus 2 - 1 Napoli/1.mkv
afde7ed2dc1811e897b86c96cfde8f_2.mkv,italy_serie-a/2016-2017/2016-10-29 - 21-45 Juventus 2 - 1 Napoli/2.mkv
b0602cc0dc1811e897b86c96cfde8f_1.mkv,italy_serie-a/2016-2017/2016-10-30 - 17-00 Empoli 0 - 0 AS Roma/1.mkv
b0602cc0dc1811e897b86c96cfde8f_2.mkv,italy_serie-a/2016-2017/2016-10-30 - 17-00 Empoli 0 - 0 AS Roma/2.mkv
b09c4246dc1811e897b86c96cfde8f_1.mkv,europe_uefa-champions-league/2016-2017/2016-11-01 - 20-45 Besiktas 1 - 1 Napoli/1.mkv
b09c4246dc1811e897b86c96cfde8f_2.mkv,europe_uefa-champions-league/2016-2017/2016-11-01 - 20-45 Besiktas 1 - 1 Napoli/2.mkv
b0d2a75adc1811e897b86c96cfde8f_1.mkv,europe_uefa-champions-league/2016-2017/2016-11-01 - 22-45 Manchester City 3 - 1 Barcelona/1.mkv
b0d2a75adc1811e897b86c96cfde8f_2.mkv,europe_uefa-champions-league/2016-2017/2016-11-01 - 22-45 Manchester City 3 - 1 Barcelona/2.mkv
b18d916edc1811e897b86c96cfde8f_1.mkv,spain_laliga/2016-2017/2016-11-06 - 14-00 Real Madrid 3 - 0 Leganes/1.mkv
b18d916edc1811e897b86c96cfde8f_2.mkv,spain_laliga/2016-2017/2016-11-06 - 14-00 Real Madrid 3 - 0 Leganes/2.mkv
b23ed28adc1811e897b86c96cfde8f_1.mkv,england_epl/2016-2017/2016-11-06 - 19-30 Leicester 1 - 2 West Brom/1.mkv
b23ed28adc1811e897b86c96cfde8f_2.mkv,england_epl/2016-2017/2016-11-06 - 19-30 Leicester 1 - 2 West Brom/2.mkv
b2810786dc1811e897b86c96cfde8f_1.mkv,italy_serie-a/2016-2017/2016-11-06 - 22-45 AS Roma 3 - 0 Bologna/1.mkv
b2810786dc1811e897b86c96cfde8f_2.mkv,italy_serie-a/2016-2017/2016-11-06 - 22-45 AS Roma 3 - 0 Bologna/2.mkv
b2bc3b76dc1811e897b86c96cfde8f_1.mkv,france_ligue-1/2016-2017/2016-11-06 - 22-45 Paris SG 4 - 0 Rennes/1.mkv
b2bc3b76dc1811e897b86c96cfde8f_2.mkv,france_ligue-1/2016-2017/2016-11-06 - 22-45 Paris SG 4 - 0 Rennes/2.mkv
b33bd7dcdc1811e897b86c96cfde8f_1.mkv,spain_laliga/2016-2017/2016-11-19 - 18-15 Barcelona 0 - 0 Malaga/1.mkv
b33bd7dcdc1811e897b86c96cfde8f_2.mkv,spain_laliga/2016-2017/2016-11-19 - 18-15 Barcelona 0 - 0 Malaga/2.mkv
b3ca073cdc1811e897b86c96cfde8f_1.mkv,germany_bundesliga/2016-2017/2016-11-19 - 20-30 Dortmund 1 - 0 Bayern Munich/1.mkv
b3ca073cdc1811e897b86c96cfde8f_2.mkv,germany_bundesliga/2016-2017/2016-11-19 - 20-30 Dortmund 1 - 0 Bayern Munich/2.mkv
b4e614d0dc1811e897b86c96cfde8f_1.mkv,europe_uefa-champions-league/2016-2017/2016-11-23 - 22-45 Arsenal 2 - 2 Paris SG/1.mkv
b4e614d0dc1811e897b86c96cfde8f_2.mkv,europe_uefa-champions-league/2016-2017/2016-11-23 - 22-45 Arsenal 2 - 2 Paris SG/2.mkv
b55a438cdc1811e897b86c96cfde8f_1.mkv,europe_uefa-champions-league/2016-2017/2016-11-23 - 22-45 Napoli 0 - 0 Dyn. Kiev/1.mkv
b55a438cdc1811e897b86c96cfde8f_2.mkv,europe_uefa-champions-league/2016-2017/2016-11-23 - 22-45 Napoli 0 - 0 Dyn. Kiev/2.mkv
b5d25af2dc1811e897b86c96cfde8f_1.mkv,england_epl/2016-2017/2016-11-26 - 18-00 Liverpool 2 - 0 Sunderland/1.mkv
b5d25af2dc1811e897b86c96cfde8f_2.mkv,england_epl/2016-2017/2016-11-26 - 18-00 Liverpool 2 - 0 Sunderland/2.mkv
b619e3fedc1811e897b86c96cfde8f_1.mkv,spain_laliga/2016-2017/2016-11-26 - 18-15 Real Madrid 2 - 1 Gijon/1.mkv
b619e3fedc1811e897b86c96cfde8f_2.mkv,spain_laliga/2016-2017/2016-11-26 - 18-15 Real Madrid 2 - 1 Gijon/2.mkv
b6546420dc1811e897b86c96cfde8f_1.mkv,italy_serie-a/2016-2017/2016-11-26 - 22-45 Empoli 1 - 4 AC Milan/1.mkv
b6546420dc1811e897b86c96cfde8f_2.mkv,italy_serie-a/2016-2017/2016-11-26 - 22-45 Empoli 1 - 4 AC Milan/2.mkv
b968e1f4dc1811e897b86c96cfde8f_1.mkv,england_epl/2016-2017/2016-12-10 - 20-30 Leicester 4 - 2 Manchester City/1.mkv
b968e1f4dc1811e897b86c96cfde8f_2.mkv,england_epl/2016-2017/2016-12-10 - 20-30 Leicester 4 - 2 Manchester City/2.mkv
b9a64012dc1811e897b86c96cfde8f_1.mkv,spain_laliga/2016-2017/2016-12-10 - 22-45 Real Madrid 3 - 2 Dep. La Coruna/1.mkv
b9a64012dc1811e897b86c96cfde8f_2.mkv,spain_laliga/2016-2017/2016-12-10 - 22-45 Real Madrid 3 - 2 Dep. La Coruna/2.mkv
bbbb5b26dc1811e897b86c96cfde8f_1.mkv,spain_laliga/2016-2017/2016-12-18 - 22-45 Barcelona 4 - 1 Espanyol/1.mkv
bbbb5b26dc1811e897b86c96cfde8f_2.mkv,spain_laliga/2016-2017/2016-12-18 - 22-45 Barcelona 4 - 1 Espanyol/2.mkv
bc301aa6dc1811e897b86c96cfde8f_1.mkv,germany_bundesliga/2016-2017/2016-12-20 - 22-00 Dortmund 1 - 1 FC Augsburg/1.mkv
bc301aa6dc1811e897b86c96cfde8f_2.mkv,germany_bundesliga/2016-2017/2016-12-20 - 22-00 Dortmund 1 - 1 FC Augsburg/2.mkv
bcef9854dc1811e897b86c96cfde8f_1.mkv,england_epl/2016-2017/2016-12-31 - 20-30 Liverpool 1 - 0 Manchester City/1.mkv
bcef9854dc1811e897b86c96cfde8f_2.mkv,england_epl/2016-2017/2016-12-31 - 20-30 Liverpool 1 - 0 Manchester City/2.mkv
becbe164dc1811e897b86c96cfde8f_1.mkv,england_epl/2016-2017/2017-01-14 - 20-30 Leicester 0 - 3 Chelsea/1.mkv
becbe164dc1811e897b86c96cfde8f_2.mkv,england_epl/2016-2017/2017-01-14 - 20-30 Leicester 0 - 3 Chelsea/2.mkv
befe0720dc1811e897b86c96cfde8f_1.mkv,italy_serie-a/2016-2017/2017-01-15 - 17-00 Napoli 3 - 1 Pescara/1.mkv
befe0720dc1811e897b86c96cfde8f_2.mkv,italy_serie-a/2016-2017/2017-01-15 - 17-00 Napoli 3 - 1 Pescara/2.mkv
c0222ea6dc1811e897b86c96cfde8f_1.mkv,germany_bundesliga/2016-2017/2017-01-21 - 17-30 SV Werder Bremen 1 - 2 Dortmund/1.mkv
c0222ea6dc1811e897b86c96cfde8f_2.mkv,germany_bundesliga/2016-2017/2017-01-21 - 17-30 SV Werder Bremen 1 - 2 Dortmund/2.mkv
c2276c3edc1811e897b86c96cfde8f_1.mkv,spain_laliga/2016-2017/2017-01-29 - 22-45 Real Madrid 3 - 0 Real Sociedad/1.mkv
c2276c3edc1811e897b86c96cfde8f_2.mkv,spain_laliga/2016-2017/2017-01-29 - 22-45 Real Madrid 3 - 0 Real Sociedad/2.mkv
c25ef0fadc1811e897b86c96cfde8f_1.mkv,germany_bundesliga/2016-2017/2017-02-04 - 20-30 Dortmund 1 - 0 RB Leipzig/1.mkv
c25ef0fadc1811e897b86c96cfde8f_2.mkv,germany_bundesliga/2016-2017/2017-02-04 - 20-30 Dortmund 1 - 0 RB Leipzig/2.mkv
c310d734dc1811e897b86c96cfde8f_1.mkv,france_ligue-1/2016-2017/2017-02-10 - 22-45 Bordeaux 0 - 3 Paris SG/1.mkv
c310d734dc1811e897b86c96cfde8f_2.mkv,france_ligue-1/2016-2017/2017-02-10 - 22-45 Bordeaux 0 - 3 Paris SG/2.mkv
c43090d2dc1811e897b86c96cfde8f_1.mkv,europe_uefa-champions-league/2016-2017/2017-02-14 - 22-45 Paris SG 4 - 0 Barcelona/1.mkv
c43090d2dc1811e897b86c96cfde8f_2.mkv,europe_uefa-champions-league/2016-2017/2017-02-14 - 22-45 Paris SG 4 - 0 Barcelona/2.mkv
c485b396dc1811e897b86c96cfde8f_1.mkv,europe_uefa-champions-league/2016-2017/2017-02-15 - 22-45 Real Madrid 3 - 1 Napoli/1.mkv
c485b396dc1811e897b86c96cfde8f_2.mkv,europe_uefa-champions-league/2016-2017/2017-02-15 - 22-45 Real Madrid 3 - 1 Napoli/2.mkv
c599c074dc1811e897b86c96cfde8f_1.mkv,italy_serie-a/2016-2017/2017-02-19 - 20-00 AS Roma 4 - 1 Torino/1.mkv
c599c074dc1811e897b86c96cfde8f_2.mkv,italy_serie-a/2016-2017/2017-02-19 - 20-00 AS Roma 4 - 1 Torino/2.mkv
c80eb9ccdc1811e897b86c96cfde8f_1.mkv,spain_laliga/2016-2017/2017-03-01 - 21-30 Barcelona 6 - 1 Gijon/1.mkv
c80eb9ccdc1811e897b86c96cfde8f_2.mkv,spain_laliga/2016-2017/2017-03-01 - 21-30 Barcelona 6 - 1 Gijon/2.mkv
c84f2c96dc1811e897b86c96cfde8f_1.mkv,spain_laliga/2016-2017/2017-03-01 - 23-30 Real Madrid 3 - 3 Las Palmas/1.mkv
c84f2c96dc1811e897b86c96cfde8f_2.mkv,spain_laliga/2016-2017/2017-03-01 - 23-30 Real Madrid 3 - 3 Las Palmas/2.mkv
c88b37d6dc1811e897b86c96cfde8f_1.mkv,italy_serie-a/2016-2017/2017-03-04 - 17-00 AS Roma 1 - 2 Napoli/1.mkv
c88b37d6dc1811e897b86c96cfde8f_2.mkv,italy_serie-a/2016-2017/2017-03-04 - 17-00 AS Roma 1 - 2 Napoli/2.mkv
c8fddd90dc1811e897b86c96cfde8f_1.mkv,spain_laliga/2016-2017/2017-03-04 - 18-15 Eibar 1 - 4 Real Madrid/1.mkv
c8fddd90dc1811e897b86c96cfde8f_2.mkv,spain_laliga/2016-2017/2017-03-04 - 18-15 Eibar 1 - 4 Real Madrid/2.mkv
c9974c96dc1811e897b86c96cfde8f_1.mkv,spain_laliga/2016-2017/2017-03-04 - 22-45 Barcelona 5 - 0 Celta Vigo/1.mkv
c9974c96dc1811e897b86c96cfde8f_2.mkv,spain_laliga/2016-2017/2017-03-04 - 22-45 Barcelona 5 - 0 Celta Vigo/2.mkv
c9f33f56dc1811e897b86c96cfde8f_1.mkv,europe_uefa-champions-league/2016-2017/2017-03-08 - 22-45 Barcelona 6 - 1 Paris SG/1.mkv
c9f33f56dc1811e897b86c96cfde8f_2.mkv,europe_uefa-champions-league/2016-2017/2017-03-08 - 22-45 Barcelona 6 - 1 Paris SG/2.mkv
ca2a0888dc1811e897b86c96cfde8f_1.mkv,italy_serie-a/2016-2017/2017-03-12 - 17-00 Napoli 3 - 0 Crotone/1.mkv
ca2a0888dc1811e897b86c96cfde8f_2.mkv,italy_serie-a/2016-2017/2017-03-12 - 17-00 Napoli 3 - 0 Crotone/2.mkv
ca718c94dc1811e897b86c96cfde8f_1.mkv,spain_laliga/2016-2017/2017-03-12 - 18-15 Dep. La Coruna 2 - 1 Barcelona/1.mkv
ca718c94dc1811e897b86c96cfde8f_2.mkv,spain_laliga/2016-2017/2017-03-12 - 18-15 Dep. La Coruna 2 - 1 Barcelona/2.mkv
cab33338dc1811e897b86c96cfde8f_1.mkv,italy_serie-a/2016-2017/2017-03-12 - 22-45 Palermo 0 - 3 AS Roma/1.mkv
cab33338dc1811e897b86c96cfde8f_2.mkv,italy_serie-a/2016-2017/2017-03-12 - 22-45 Palermo 0 - 3 AS Roma/2.mkv
caf07478dc1811e897b86c96cfde8f_1.mkv,spain_laliga/2016-2017/2017-03-12 - 22-45 Real Madrid 2 - 1 Betis/1.mkv
caf07478dc1811e897b86c96cfde8f_2.mkv,spain_laliga/2016-2017/2017-03-12 - 22-45 Real Madrid 2 - 1 Betis/2.mkv
cb60d8a8dc1811e897b86c96cfde8f_1.mkv,germany_bundesliga/2016-2017/2017-03-17 - 22-30 Dortmund 1 - 0 Ingolstadt/1.mkv
cb60d8a8dc1811e897b86c96cfde8f_2.mkv,germany_bundesliga/2016-2017/2017-03-17 - 22-30 Dortmund 1 - 0 Ingolstadt/2.mkv
cba2d1ccdc1811e897b86c96cfde8f_1.mkv,spain_laliga/2016-2017/2017-03-18 - 18-15 Ath Bilbao 1 - 2 Real Madrid/1.mkv
cba2d1ccdc1811e897b86c96cfde8f_2.mkv,spain_laliga/2016-2017/2017-03-18 - 18-15 Ath Bilbao 1 - 2 Real Madrid/2.mkv
cbfd8d7edc1811e897b86c96cfde8f_1.mkv,italy_serie-a/2016-2017/2017-03-19 - 22-45 AS Roma 3 - 1 Sassuolo/1.mkv
cbfd8d7edc1811e897b86c96cfde8f_2.mkv,italy_serie-a/2016-2017/2017-03-19 - 22-45 AS Roma 3 - 1 Sassuolo/2.mkv
cc78c2bedc1811e897b86c96cfde8f_1.mkv,france_ligue-1/2016-2017/2017-03-19 - 23-00 Paris SG 2 - 1 Lyon/1.mkv
cc78c2bedc1811e897b86c96cfde8f_2.mkv,france_ligue-1/2016-2017/2017-03-19 - 23-00 Paris SG 2 - 1 Lyon/2.mkv
cd1995aedc1811e897b86c96cfde8f_1.mkv,italy_serie-a/2016-2017/2017-04-01 - 21-45 AS Roma 2 - 0 Empoli/1.mkv
cd1995aedc1811e897b86c96cfde8f_2.mkv,italy_serie-a/2016-2017/2017-04-01 - 21-45 AS Roma 2 - 0 Empoli/2.mkv
cdacf47adc1811e897b86c96cfde8f_1.mkv,spain_laliga/2016-2017/2017-04-02 - 21-45 Granada CF 1 - 4 Barcelona/1.mkv
cdacf47adc1811e897b86c96cfde8f_2.mkv,spain_laliga/2016-2017/2017-04-02 - 21-45 Granada CF 1 - 4 Barcelona/2.mkv
ce4d1cdedc1811e897b86c96cfde8f_1.mkv,spain_laliga/2016-2017/2017-04-05 - 22-30 Leganes 2 - 4 Real Madrid/1.mkv
ce4d1cdedc1811e897b86c96cfde8f_2.mkv,spain_laliga/2016-2017/2017-04-05 - 22-30 Leganes 2 - 4 Real Madrid/2.mkv
ce8698d8dc1811e897b86c96cfde8f_1.mkv,spain_laliga/2016-2017/2017-04-08 - 21-45 Malaga 2 - 0 Barcelona/1.mkv
ce8698d8dc1811e897b86c96cfde8f_2.mkv,spain_laliga/2016-2017/2017-04-08 - 21-45 Malaga 2 - 0 Barcelona/2.mkv
cec159f0dc1811e897b86c96cfde8f_1.mkv,england_epl/2016-2017/2017-04-09 - 18-00 Everton 4 - 2 Leicester/1.mkv
cec159f0dc1811e897b86c96cfde8f_2.mkv,england_epl/2016-2017/2017-04-09 - 18-00 Everton 4 - 2 Leicester/2.mkv
cf167ca0dc1811e897b86c96cfde8f_1.mkv,italy_serie-a/2016-2017/2017-04-09 - 21-45 Lazio 0 - 3 Napoli/1.mkv
cf167ca0dc1811e897b86c96cfde8f_2.mkv,italy_serie-a/2016-2017/2017-04-09 - 21-45 Lazio 0 - 3 Napoli/2.mkv
cfccbcccdc1811e897b86c96cfde8f_1.mkv,france_ligue-1/2016-2017/2017-04-14 - 21-45 Angers 0 - 2 Paris SG/1.mkv
cfccbcccdc1811e897b86c96cfde8f_2.mkv,france_ligue-1/2016-2017/2017-04-14 - 21-45 Angers 0 - 2 Paris SG/2.mkv
d04cece4dc1811e897b86c96cfde8f_1.mkv,germany_bundesliga/2016-2017/2017-04-15 - 16-30 Dortmund 3 - 1 Eintracht Frankfurt/1.mkv
d04cece4dc1811e897b86c96cfde8f_2.mkv,germany_bundesliga/2016-2017/2017-04-15 - 16-30 Dortmund 3 - 1 Eintracht Frankfurt/2.mkv
d08bb4e2dc1811e897b86c96cfde8f_1.mkv,spain_laliga/2016-2017/2017-04-15 - 17-15 Gijon 2 - 3 Real Madrid/1.mkv
d08bb4e2dc1811e897b86c96cfde8f_2.mkv,spain_laliga/2016-2017/2017-04-15 - 17-15 Gijon 2 - 3 Real Madrid/2.mkv
d0c03294dc1811e897b86c96cfde8f_1.mkv,spain_laliga/2016-2017/2017-04-15 - 21-45 Barcelona 3 - 2 Real Sociedad/1.mkv
d0c03294dc1811e897b86c96cfde8f_2.mkv,spain_laliga/2016-2017/2017-04-15 - 21-45 Barcelona 3 - 2 Real Sociedad/2.mkv
d10743c8dc1811e897b86c96cfde8f_1.mkv,italy_serie-a/2016-2017/2017-04-15 - 21-45 Napoli 3 - 0 Udinese/1.mkv
d10743c8dc1811e897b86c96cfde8f_2.mkv,italy_serie-a/2016-2017/2017-04-15 - 21-45 Napoli 3 - 0 Udinese/2.mkv
d14d1416dc1811e897b86c96cfde8f_1.mkv,france_ligue-1/2016-2017/2017-04-18 - 19-30 Metz 2 - 3 Paris SG/1.mkv
d14d1416dc1811e897b86c96cfde8f_2.mkv,france_ligue-1/2016-2017/2017-04-18 - 19-30 Metz 2 - 3 Paris SG/2.mkv
d18b72badc1811e897b86c96cfde8f_1.mkv,europe_uefa-champions-league/2016-2017/2017-04-18 - 21-45 Real Madrid 4 - 2 Bayern Munich/1.mkv
d18b72badc1811e897b86c96cfde8f_2.mkv,europe_uefa-champions-league/2016-2017/2017-04-18 - 21-45 Real Madrid 4 - 2 Bayern Munich/2.mkv
d1d23cd6dc1811e897b86c96cfde8f_1.mkv,france_ligue-1/2016-2017/2017-04-22 - 18-00 Paris SG 2 - 0 Montpellier/1.mkv
d1d23cd6dc1811e897b86c96cfde8f_2.mkv,france_ligue-1/2016-2017/2017-04-22 - 18-00 Paris SG 2 - 0 Montpellier/2.mkv
d222b7e2dc1811e897b86c96cfde8f_1.mkv,italy_serie-a/2016-2017/2017-04-23 - 13-30 Sassuolo 2 - 2 Napoli/1.mkv
d222b7e2dc1811e897b86c96cfde8f_2.mkv,italy_serie-a/2016-2017/2017-04-23 - 13-30 Sassuolo 2 - 2 Napoli/2.mkv
d2593b1edc1811e897b86c96cfde8f_1.mkv,spain_laliga/2016-2017/2017-04-23 - 21-45 Real Madrid 2 - 3 Barcelona/1.mkv
d2593b1edc1811e897b86c96cfde8f_2.mkv,spain_laliga/2016-2017/2017-04-23 - 21-45 Real Madrid 2 - 3 Barcelona/2.mkv
d3004efedc1811e897b86c96cfde8f_1.mkv,spain_laliga/2016-2017/2017-04-26 - 20-30 Barcelona 7 - 1 Osasuna/1.mkv
d3004efedc1811e897b86c96cfde8f_2.mkv,spain_laliga/2016-2017/2017-04-26 - 20-30 Barcelona 7 - 1 Osasuna/2.mkv
d3867de4dc1811e897b86c96cfde8f_1.mkv,spain_laliga/2016-2017/2017-04-26 - 22-30 Dep. La Coruna 2 - 6 Real Madrid/1.mkv
d3867de4dc1811e897b86c96cfde8f_2.mkv,spain_laliga/2016-2017/2017-04-26 - 22-30 Dep. La Coruna 2 - 6 Real Madrid/2.mkv
d3c0281edc1811e897b86c96cfde8f_1.mkv,germany_bundesliga/2016-2017/2017-04-29 - 16-30 Dortmund 0 - 0 FC Koln/1.mkv
d3c0281edc1811e897b86c96cfde8f_2.mkv,germany_bundesliga/2016-2017/2017-04-29 - 16-30 Dortmund 0 - 0 FC Koln/2.mkv
d3ff9814dc1811e897b86c96cfde8f_1.mkv,spain_laliga/2016-2017/2017-04-29 - 17-15 Real Madrid 2 - 1 Valencia/1.mkv
d3ff9814dc1811e897b86c96cfde8f_2.mkv,spain_laliga/2016-2017/2017-04-29 - 17-15 Real Madrid 2 - 1 Valencia/2.mkv
d4756fa8dc1811e897b86c96cfde8f_1.mkv,spain_laliga/2016-2017/2017-04-29 - 21-45 Espanyol 0 - 3 Barcelona/1.mkv
d4756fa8dc1811e897b86c96cfde8f_2.mkv,spain_laliga/2016-2017/2017-04-29 - 21-45 Espanyol 0 - 3 Barcelona/2.mkv
d4ae01e2dc1811e897b86c96cfde8f_1.mkv,italy_serie-a/2016-2017/2017-04-30 - 13-30 AS Roma 1 - 3 Lazio/1.mkv
d4ae01e2dc1811e897b86c96cfde8f_2.mkv,italy_serie-a/2016-2017/2017-04-30 - 13-30 AS Roma 1 - 3 Lazio/2.mkv
d4ec0dacdc1811e897b86c96cfde8f_1.mkv,italy_serie-a/2016-2017/2017-04-30 - 21-45 Inter 0 - 1 Napoli/1.mkv
d4ec0dacdc1811e897b86c96cfde8f_2.mkv,italy_serie-a/2016-2017/2017-04-30 - 21-45 Inter 0 - 1 Napoli/2.mkv
d5a83414dc1811e897b86c96cfde8f_1.mkv,england_epl/2016-2017/2017-05-06 - 17-00 Leicester 3 - 0 Watford/1.mkv
d5a83414dc1811e897b86c96cfde8f_2.mkv,england_epl/2016-2017/2017-05-06 - 17-00 Leicester 3 - 0 Watford/2.mkv
d6254a6cdc1811e897b86c96cfde8f_1.mkv,italy_serie-a/2016-2017/2017-05-06 - 19-00 Napoli 3 - 1 Cagliari/1.mkv
d6254a6cdc1811e897b86c96cfde8f_2.mkv,italy_serie-a/2016-2017/2017-05-06 - 19-00 Napoli 3 - 1 Cagliari/2.mkv
d6b352d0dc1811e897b86c96cfde8f_1.mkv,spain_laliga/2016-2017/2017-05-06 - 21-45 Granada CF 0 - 4 Real Madrid/1.mkv
d6b352d0dc1811e897b86c96cfde8f_2.mkv,spain_laliga/2016-2017/2017-05-06 - 21-45 Granada CF 0 - 4 Real Madrid/2.mkv
d73729c0dc1811e897b86c96cfde8f_1.mkv,england_epl/2016-2017/2017-05-13 - 14-30 Manchester City 2 - 1 Leicester/1.mkv
d73729c0dc1811e897b86c96cfde8f_2.mkv,england_epl/2016-2017/2017-05-13 - 14-30 Manchester City 2 - 1 Leicester/2.mkv
d7ace214dc1811e897b86c96cfde8f_1.mkv,italy_serie-a/2016-2017/2017-05-14 - 16-00 Torino 0 - 5 Napoli/1.mkv
d7ace214dc1811e897b86c96cfde8f_2.mkv,italy_serie-a/2016-2017/2017-05-14 - 16-00 Torino 0 - 5 Napoli/2.mkv
d7e6e6dadc1811e897b86c96cfde8f_1.mkv,spain_laliga/2016-2017/2017-05-14 - 21-00 Las Palmas 1 - 4 Barcelona/1.mkv
d7e6e6dadc1811e897b86c96cfde8f_2.mkv,spain_laliga/2016-2017/2017-05-14 - 21-00 Las Palmas 1 - 4 Barcelona/2.mkv
d889709edc1811e897b86c96cfde8f_1.mkv,france_ligue-1/2016-2017/2017-05-14 - 22-00 St Etienne 0 - 5 Paris SG/1.mkv
d889709edc1811e897b86c96cfde8f_2.mkv,france_ligue-1/2016-2017/2017-05-14 - 22-00 St Etienne 0 - 5 Paris SG/2.mkv
d95ea778dc1811e897b86c96cfde8f_1.mkv,italy_serie-a/2016-2017/2017-05-20 - 21-45 Napoli 4 - 1 Fiorentina/1.mkv
d95ea778dc1811e897b86c96cfde8f_2.mkv,italy_serie-a/2016-2017/2017-05-20 - 21-45 Napoli 4 - 1 Fiorentina/2.mkv
da1580ecdc1811e897b86c96cfde8f_1.mkv,spain_laliga/2016-2017/2017-05-21 - 21-00 Malaga 0 - 2 Real Madrid/1.mkv
da1580ecdc1811e897b86c96cfde8f_2.mkv,spain_laliga/2016-2017/2017-05-21 - 21-00 Malaga 0 - 2 Real Madrid/2.mkv
da52c57edc1811e897b86c96cfde8f_1.mkv,italy_serie-a/2016-2017/2017-05-28 - 19-00 AS Roma 3 - 2 Genoa/1.mkv
da52c57edc1811e897b86c96cfde8f_2.mkv,italy_serie-a/2016-2017/2017-05-28 - 19-00 AS Roma 3 - 2 Genoa/2.mkv
c925a918cc7511e885786c96cfde8f.mp4,
c9bb2308cc7511e885786c96cfde8f.mp4,
ca69cd68cc7511e885786c96cfde8f.mp4,
ca8f4fe8cc7511e885786c96cfde8f.mp4,
cacec588cc7511e885786c96cfde8f.mp4,
cae3e558cc7511e885786c96cfde8f.mp4,
cb01cbfecc7511e885786c96cfde8f.mp4,
cb174934cc7511e885786c96cfde8f.mp4,
cb4175d8cc7511e885786c96cfde8f.mp4,
cb5b1024cc7511e885786c96cfde8f.mp4,
cb70205ecc7511e885786c96cfde8f.mp4,
cb94b478cc7511e885786c96cfde8f.mp4,
cbe3617ccc7511e885786c96cfde8f.mp4,
cc0d5f86cc7511e885786c96cfde8f.mp4,
cc225c38cc7511e885786c96cfde8f.mp4,
cc39472ccc7511e885786c96cfde8f.mp4,
cc660154cc7511e885786c96cfde8f.mp4,
ccb04deacc7511e885786c96cfde8f.mp4,
ccc84238cc7511e885786c96cfde8f.mp4,
ccf22cc4cc7511e885786c96cfde8f.mp4,
cd3b7f00cc7511e885786c96cfde8f.mp4,
cd5570e0cc7511e885786c96cfde8f.mp4,
cd6981d4cc7511e885786c96cfde8f.mp4,
cda0b320cc7511e885786c96cfde8f.mp4,
ce4f644ccc7511e885786c96cfde8f.mp4,
ce65fb12cc7511e885786c96cfde8f.mp4,
ce79c052cc7511e885786c96cfde8f.mp4,
ce951442cc7511e885786c96cfde8f.mp4,
ced55af2cc7511e885786c96cfde8f.mp4,
ceeccebccc7511e885786c96cfde8f.mp4,
cf154158cc7511e885786c96cfde8f.mp4,
cf28e41acc7511e885786c96cfde8f.mp4,
cf525c32cc7511e885786c96cfde8f.mp4,
cf6cc8d8cc7511e885786c96cfde8f.mp4,
cf9df0f2cc7511e885786c96cfde8f.mp4,
cfb81aeacc7511e885786c96cfde8f.mp4,
cfcb7810cc7511e885786c96cfde8f.mp4,
cfeca5d0cc7511e885786c96cfde8f.mp4,
d005b700cc7511e885786c96cfde8f.mp4,
d01a726ccc7511e885786c96cfde8f.mp4,
d02fc7fccc7511e885786c96cfde8f.mp4,
d05c9098cc7511e885786c96cfde8f.mp4,
d0b1c07ccc7511e885786c96cfde8f.mp4,
d0c6c378cc7511e885786c96cfde8f.mp4,
d19df2e4cc7511e885786c96cfde8f.mp4,
d1b365decc7511e885786c96cfde8f.mp4,
d1ca9826cc7511e885786c96cfde8f.mp4,
d2164fdccc7511e885786c96cfde8f.mp4,
d22e538ecc7511e885786c96cfde8f.mp4,
d24b5ddacc7511e885786c96cfde8f.mp4,
d25e65d8cc7511e885786c96cfde8f.mp4,
d2806cfacc7511e885786c96cfde8f.mp4,
d2963fdacc7511e885786c96cfde8f.mp4,
d303183acc7511e885786c96cfde8f.mp4,
d4b14afed5ac11e8b2536c96cfde8f.mp4,
d4c482ead5ac11e8b2536c96cfde8f.mp4,
d4db19bad5ac11e8b2536c96cfde8f.mp4,
d508158cd5ac11e8b2536c96cfde8f.mp4,
d527fffad5ac11e8b2536c96cfde8f.mp4,
d5d712d8d5ac11e8b2536c96cfde8f.mp4,
d5fe8c8cd5ac11e8b2536c96cfde8f.mp4,
d61ddc18d5ac11e8b2536c96cfde8f.mp4,
d63760d4d5ac11e8b2536c96cfde8f.mp4,
d650270ed5ac11e8b2536c96cfde8f.mp4,
d663bf1cd5ac11e8b2536c96cfde8f.mp4,
d689d044d5ac11e8b2536c96cfde8f.mp4,
d6c0fed4d5ac11e8b2536c96cfde8f.mp4,
d6d69a6ed5ac11e8b2536c96cfde8f.mp4,
d6f5cbfad5ac11e8b2536c96cfde8f.mp4,
d7d6f4d6d5ac11e8b2536c96cfde8f.mp4,
d81f349ed5ac11e8b2536c96cfde8f.mp4,
d9d9ea54d5ac11e8b2536c96cfde8f.mp4,
dd066fc2d5ac11e8b2536c96cfde8f.mp4,
dd356cc8d5ac11e8b2536c96cfde8f.mp4,
dd4ec5ced5ac11e8b2536c96cfde8f.mp4,
ddce0e38d5ac11e8b2536c96cfde8f.mp4,
